policy_key,prima_guro,prima_soft,diff_prima,diff_prima_pct,status,numero_renovacion
1000272-55,128535428.0,152957159.32,24421731.319999993,15.97,active,5
1000167-35,94502600.0,112458094.0,17955494.0,15.97,active,4
101001149,58178607.0,69530142.0,11351535.0,16.33,active,3
101000556,35085114.0,44975225.66,9890111.659999996,21.99,expired,0
1408004212481000,10000000.0,1504700.0,8495300.0,564.58,active,1
AB000348,28975230.0,37415180.0,8439950.0,22.56,active,0
AB000189/AB006444,42807543.0,50940976.17,8133433.170000002,15.97,active,2
101000581,5071480.0,83300.0,4988180.0,5988.21,expired,0
101090585,25600908.0,30465080.52,4864172.52,15.97,active,0
1901125002588,17819323.0,22500310.0,4680987.0,20.8,active,0
101001165,21070529.0,25371529.0,4301000.0,16.95,active,5
2000556671,15990250.0,19135697.0,3145447.0,16.44,active,1
101000448-1,15239130.0,18134552.0,2895422.0,15.97,expired,4
101000542-1,14920780.0,17755728.2,2834948.1999999993,15.97,active,3
3015816,12196857.0,14514260.83,2317403.83,15.97,active,0
2000663075,11731640.0,13990402.0,2258762.0,16.15,active,0
2000594042,11552860.0,13777653.0,2224793.0,16.15,active,0
2000607245,9071280.0,11285890.0,2214610.0,19.62,active,1
900001410753,11481372.0,13662832.68,2181460.6799999997,15.97,active,0
3014789,11029811.0,13125475.09,2095664.0899999999,15.97,expired,1
0002,10975981.0,13061418.39,2085437.3900000006,15.97,active,4
2000559656,10222580.0,12194620.0,1972040.0,16.17,active,0
2000604302,7189560.0,9158605.0,1969045.0,21.5,active,5
101005639-4,6620672.0,8584370.0,1963698.0,22.88,expired,4
2000654365,10085300.0,12031257.0,1945957.0,16.17,active,0
2000676816,10085300.0,12031257.0,1945957.0,16.17,active,0
2000653761,10085300.0,12031257.0,1945957.0,16.17,active,0
101000713-1,9788153.0,11647902.07,1859749.0700000003,15.97,active,4
2000668524,9291130.0,11130045.0,1838915.0,16.52,active,3
101000369-2,6146455.0,7959820.45,1813365.4500000002,22.78,active,4
2000414197,9273660.0,11065405.4,1791745.4000000004,16.19,active,2
2000653969,9209870.0,10989495.0,1779625.0,16.19,active,3
2000702703,9170011.0,10942063.0,1772052.0,16.19,active,0
101007381-1,9184503.0,10929559.57,1745056.5700000003,15.97,active,1
2000581866,8757020.0,10450604.8,1693584.8000000007,16.21,active,0
AA005636/AB006315,8979410.0,10672112.0,1692702.0,15.86,active,4
1000084,5704845.0,7391270.0,1686425.0,22.82,expired,0
2000701887,8447540.0,10082323.0,1634783.0,16.21,active,0
3016003,8528969.0,10149473.11,1620504.1099999994,15.97,active,5
2000637837,8352315.0,9969005.85,1616690.8499999996,16.22,active,0
AB000306,8485044.0,10089226.0,1604182.0,15.9,active,0
2000364771/1805329025,8272715.0,9874281.85,1601566.8499999996,16.22,active,2
101276423,8284849.0,9882770.0,1597921.0,16.17,active,0
101003293-3,8276498.0,9849033.0,1572535.0,15.97,active,3
3015657,8249594.0,9817017.0,1567423.0,15.97,active,4
2000647551,8025700.0,9580333.0,1554633.0,16.23,active,0
3016024,8153664.0,9702861.16,1549197.1600000001,15.97,active,0
101000221-6,8136257.0,9682146.83,1545889.83,15.97,active,3
3016356,8135094.0,9680762.86,1545668.8599999994,15.97,active,5
3016298,8016135.0,9539201.65,1523066.6500000004,15.97,active,5
101252422,7886988.0,9409315.0,1522327.0,16.18,active,0
2000580771,7833980.0,9352186.2,1518206.1999999993,16.23,active,0
2000701857,7735870.0,9235435.0,1499565.0,16.24,active,0
2000496800/1805330903,7671307.0,9158605.0,1487298.0,16.24,active,5
2000703066,7619300.0,9096717.0,1477417.0,16.24,active,0
AB000308,7441712.0,8855637.28,1413925.2799999993,15.97,active,0
1000384,7363080.0,8762065.2,1398985.1999999993,15.97,active,0
3015710,6849453.0,8150849.07,1301396.0700000003,15.97,active,0
101252619,6427819.0,7672905.0,1245086.0,16.23,active,0
101000516-1,6520595.0,7759508.05,1238913.0499999998,15.97,active,5
2000687547,6355980.0,7593366.0,1237386.0,16.3,active,0
2000556672,5947330.0,7184623.0,1237293.0,17.22,active,2
101277020,6342355.0,7571202.0,1228847.0,16.23,active,0
2000692587,6302780.0,7530058.0,1227278.0,16.3,active,0
1000105,4016140.0,5211000.0,1194860.0,22.93,active,0
100008801,6253503.0,7447618.0,1194115.0,16.03,active,0
900001478978,6240000.0,7425600.0,1185600.0,15.97,active,0
101000985-3,5700000.0,6783000.0,1083000.0,15.97,active,4
2050330855402,4151937.0,5200581.0,1048644.0,20.16,active,2
100009579,5324091.0,6341618.0,1017527.0,16.05,active,0
101000549,1095743.0,83300.0,1012443.0,1215.42,expired,0
2000574487,5155260.0,6164509.4,1009249.4000000004,16.37,active,0
2000638435,5115410.0,6117088.9,1001678.9000000004,16.38,active,0
101000466-3,5231999.0,6226079.0,994080.0,15.97,active,2
2000659132,4958293.0,5930119.0,971826.0,16.39,active,0
101000583,5071480.0,6035061.2,963581.2000000002,15.97,active,1
3015933,5048279.0,6007452.01,959173.0099999998,15.97,active,5
3015354,5037507.0,5994633.0,957126.0,15.97,expired,1
2000665809,4851170.0,5802642.0,951472.0,16.4,active,0
3015450,4980044.0,5926252.36,946208.3600000003,15.97,expired,0
101000367-2,4945777.0,5885475.0,939698.0,15.97,active,2
900001449136,4710227.0,5605170.13,894943.1299999999,15.97,active,0
2050330931001,2776227.0,3668421.13,892194.1299999999,24.32,active,0
AA005945/00050,4713459.0,5596343.0,882884.0,15.78,expired,4
400006842,4500000.0,5366900.0,866900.0,16.15,active,0
91239241-611994283,1061500.0,1922445.0,860945.0,44.78,active,1
300000103,2953039.0,3810486.41,857447.4100000001,22.5,active,0
AB000307,4407732.0,5240793.0,833061.0,15.9,active,0
101007378-1,4378292.0,5210168.48,831876.4800000004,15.97,active,1
PI322380,2811033.0,3631510.0,820477.0,22.59,active,0
2000581949,4094250.0,4901907.5,807657.5,16.48,active,0
3015795,4200734.0,4998873.46,798139.46,15.97,active,0
1002464,4150000.0,4938500.0,788500.0,15.97,active,0
PI285876,2706949.0,3492110.0,785161.0,22.48,active,3
994000000169,3951457.0,4714134.0,762677.0,16.18,active,0
101007320-2,3928734.0,4675193.46,746459.46,15.97,active,1
2000668525,3455373.0,4185494.0,730121.0,17.44,active,2
994000000084,2403071.0,3122130.0,719059.0,23.03,active,0
1000136,1032538.0,1750545.0,718007.0,41.02,active,2
2000658120,3614985.0,4331582.15,716597.1500000004,16.54,active,0
